"BROKEN","EPIC","FAILED","FEATURE","PASSED","SKIPPED","STORY","UNKNOWN"
"0","E-Commerce","0","Product Management","2","0","Product Sorting","0"
"0","Authentication","0","Login Functionality","3","0","Valid Login","0"
"0","Authentication","0","Login Functionality","1","0","Login Page","0"
"0","Security","0","Session Management","2","0","Session Validation","0"
"0","E-Commerce","0","Checkout Functionality","1","0","Complete Checkout","0"
"0","E-Commerce","0","Product Management","1","0","Add to Cart","0"
"0","E-Commerce","0","Product Management","1","0","Remove from Cart","0"
"0","E-Commerce","0","Product Management","1","0","Product Display","0"
"0","Security","0","Session Management","1","0","Login Persistence","0"
